"Story","Title","Result","Date","Stability","Duration (s)"
"Login Scenarios of Easy Appointments Website","User will try to login with wrong password","ERROR","2023-03-23T10:20:17.0100604+05:30[Asia/Calcutta]","0.0","0.16"
"Login Scenarios of Easy Appointments Website","User will try to login with wrong username and wrong password","ERROR","2023-03-23T10:20:17.2219348+05:30[Asia/Calcutta]","0.0","0.13"
"Login Scenarios of Easy Appointments Website","User try to login without entering username","ERROR","2023-03-23T10:20:17.3948332+05:30[Asia/Calcutta]","0.0","0.09"
"Login Scenarios of Easy Appointments Website","User try to login without entering password","ERROR","2023-03-23T10:20:17.504769+05:30[Asia/Calcutta]","0.0","0.11"
"Login Scenarios of Easy Appointments Website","User try to login without entering username and password","ERROR","2023-03-23T10:20:17.639693+05:30[Asia/Calcutta]","0.0","0.13"
"Login Scenarios of Easy Appointments Website","User try to login by entering password with capital alphabets","ERROR","2023-03-23T10:20:17.7866031+05:30[Asia/Calcutta]","0.0","0.09"
"Login Scenarios of Easy Appointments Website","User will try to login with wrong username","PENDING","2023-03-23T13:25:09.0970769+05:30[Asia/Calcutta]","0.0","0.58"
"Login Scenarios of Easy Appointments Website","User will try to login with wrong password","PENDING","2023-03-23T13:25:09.7008523+05:30[Asia/Calcutta]","0.0","0.05"
"Login Scenarios of Easy Appointments Website","User will try to login with wrong username and wrong password","PENDING","2023-03-23T13:25:09.7818037+05:30[Asia/Calcutta]","0.0","0.06"
"Login Scenarios of Easy Appointments Website","User try to login without entering username","PENDING","2023-03-23T13:25:09.8647514+05:30[Asia/Calcutta]","0.0","0.08"
"Login Scenarios of Easy Appointments Website","User try to login without entering password","PENDING","2023-03-23T13:25:09.9826786+05:30[Asia/Calcutta]","0.0","0.05"
"Login Scenarios of Easy Appointments Website","User try to login without entering username and password","PENDING","2023-03-23T13:25:10.0596299+05:30[Asia/Calcutta]","0.0","0.08"
"Login Scenarios of Easy Appointments Website","User try to login by entering password with capital alphabets","PENDING","2023-03-23T13:25:10.1615689+05:30[Asia/Calcutta]","0.0","0.03"
"Login Scenarios of Easy Appointments Website","User will try to login with wrong username","ERROR","2023-03-30T13:06:15.3267536+05:30[Asia/Calcutta]","0.0","0.8"
"Login Scenarios of Easy Appointments Website","User will try to login with wrong password","ERROR","2023-03-30T13:06:16.3970314+05:30[Asia/Calcutta]","0.0","0.19"
"Login Scenarios of Easy Appointments Website","User will try to login with wrong username and wrong password","ERROR","2023-03-30T13:06:16.6398885+05:30[Asia/Calcutta]","0.0","0.13"
"Login Scenarios of Easy Appointments Website","User try to login without entering username","ERROR","2023-03-30T13:06:16.8157851+05:30[Asia/Calcutta]","0.0","0.16"
"Login Scenarios of Easy Appointments Website","User try to login without entering password","ERROR","2023-03-30T13:06:17.0076697+05:30[Asia/Calcutta]","0.0","0.13"
"Login Scenarios of Easy Appointments Website","User try to login without entering username and password","ERROR","2023-03-30T13:06:17.1755705+05:30[Asia/Calcutta]","0.0","0.08"
"Login Scenarios of Easy Appointments Website","User try to login by entering password with capital alphabets","ERROR","2023-03-30T13:06:17.3024944+05:30[Asia/Calcutta]","0.0","0.13"
